Date,Volume,Issue,Pages,Cleaned?,Location
1940-01-02,57,1,,,
1940-01-09,57,2,,,
1940-01-16,57,3,,,
1940-01-23,57,4,,,
1940-01-30,57,5,,,
1940-02-06,57,6,,,
1940-02-13,57,7,,,
1940-02-20,57,8,,,
1940-02-27,57,9,,,
1940-03-05,57,10,,,
1940-03-12,57,11,,,
1940-03-19,57,12,,,
1940-03-26,57,13,,,
1940-04-02,57,14,,,
1940-04-09,57,15,,,
1940-04-16,57,16,,,
1940-04-23,57,17,,,
1940-04-30,57,18,,,
1940-05-07,57,19,,,
1940-05-14,57,20,,,
1940-05-21,57,21,,,
1940-05-28,57,22,,,
1940-06-04,57,23,,,
1940-06-11,57,24,,,
1940-06-18,57,25,,,
1940-06-25,57,26,,,
1940-07-02,57,27,,,
1940-07-09,57,28,,,
1940-07-16,57,29,,,
1940-07-23,57,30,,,
1940-07-30,57,31,,,
1940-08-06,57,32,,,
1940-08-13,57,33,,,
1940-08-20,57,34,,,
1940-08-27,57,35,,,
1940-09-03,57,36,,,
1940-09-10,57,37,,,
1940-09-17,57,38,,,
1940-09-24,57,39,,,
1940-10-01,57,40,,,
1940-10-08,57,41,,,
1940-10-15,57,42,,,
1940-10-22,57,43,,,
1940-10-29,57,44,,,
1940-11-05,57,45,,,
1940-11-12,57,46,,,
1940-11-19,57,47,,,
1940-11-26,57,48,,,
1940-12-03,57,49,,,
1940-12-10,57,50,,,
1940-12-17,57,51,,,
1940-12-24,57,52,,,
1940-12-31,57,53,,,
1941-01-07,58,1,,,
1941-01-14,58,2,,,
1941-01-21,58,3,,,
1941-01-28,58,4,,,
1941-02-04,58,5,,,
1941-02-11,58,6,,,
1941-02-18,58,7,,,
1941-02-25,58,8,,,
1941-03-04,58,9,,,
1941-03-11,58,10,,,
1941-03-18,58,11,,,
1941-03-25,58,12,,,
1941-04-01,58,13,,,
1941-04-08,58,14,,,
1941-04-15,58,15,,,
1941-04-22,58,16,,,
1941-04-29,58,17,,,
1941-05-06,58,18,,,
1941-05-13,58,19,,,
1941-05-20,58,20,,,
1941-05-27,58,21,,,
1941-06-03,58,22,,,
1941-06-10,58,23,,,
1941-06-17,58,24,,,
1941-06-24,58,25,,,
1941-07-01,58,26,,,
1941-07-08,58,27,,,
1941-07-15,58,28,,,
1941-07-22,58,29,,,
1941-07-29,58,30,,,
1941-08-05,58,31,,,
1941-08-12,58,32,,,
1941-08-19,58,33,,,
1941-08-26,58,34,,,
1941-09-02,58,35,,,
1941-09-09,58,36,,,
1941-09-16,58,37,,,
1941-09-23,58,38,,,
1941-09-30,58,39,,,
1941-10-07,58,40,,,
1941-10-14,58,41,,,
1941-10-21,58,42,,,
1941-10-28,58,43,,,
1941-11-04,58,44,,,
1941-11-11,58,45,,,
1941-11-18,58,46,,,
1941-11-25,58,47,,,
1941-12-02,58,48,,,
1941-12-09,58,49,,,
1941-12-16,58,50,,,
1941-12-23,58,51,,,
1941-12-30,58,52,,,
1942-01-06,59,1,,,
1942-01-13,59,2,,,
1942-01-20,59,3,,,
1942-01-27,59,4,,,
1942-02-03,59,5,,,
1942-02-10,59,6,,,
1942-02-17,59,7,,,
1942-02-24,59,8,,,
1942-03-03,59,9,,,
1942-03-10,59,10,,,
1942-03-17,59,11,,,
1942-03-24,59,12,,,
1942-03-31,59,13,,,
1942-04-07,59,14,,,
1942-04-14,59,15,,,
1942-04-21,59,16,,,
1942-04-28,59,17,,,
1942-05-05,59,18,,,
1942-05-12,59,19,,,
1942-05-19,59,20,,,
1942-05-26,59,21,,,
1942-06-02,59,22,,,
1942-06-09,59,23,,,
1942-06-16,59,24,,,
1942-06-23,59,25,,,
1942-06-30,59,26,,,
1942-07-07,59,27,,,
1942-07-14,59,28,,,
1942-07-21,59,29,,,
1942-07-28,59,30,,,
1942-08-04,59,31,,,
1942-08-11,59,32,,,
1942-08-18,59,33,,,
1942-08-25,59,34,,,
1942-09-01,59,35,,,
1942-09-08,59,36,,,
1942-09-15,59,37,,,
1942-09-22,59,38,,,
1942-09-29,59,39,,,
1942-10-06,59,40,,,
1942-10-13,59,41,,,
1942-10-20,59,42,,,
1942-10-27,59,43,,,
1942-11-03,59,44,,,
1942-11-10,59,45,,,
1942-11-17,59,46,,,
1942-11-24,59,47,,,
1942-12-01,59,48,,,
1942-12-08,59,49,,,
1942-12-15,59,50,,,
1942-12-22,59,51,,,
1942-12-29,59,52,,,
1943-01-05,60,1,,,
1943-01-12,60,2,,,
1943-01-19,60,3,,,
1943-01-26,60,4,,,
1943-02-02,60,5,,,
1943-02-09,60,6,,,
1943-02-16,60,7,,,
1943-02-23,60,8,,,
1943-03-02,60,9,,,
1943-03-09,60,10,,,
1943-03-16,60,11,,,
1943-03-23,60,12,,,
1943-03-30,60,13,,,
1943-04-06,60,14,,,
1943-04-13,60,15,,,
1943-04-20,60,16,,,
1943-04-27,60,17,,,
1943-05-04,60,18,,,
1943-05-11,60,19,,,
1943-05-18,60,20,,,
1943-05-25,60,21,,,
1943-06-01,60,22,,,
1943-06-08,60,23,,,
1943-06-15,60,24,,,
1943-06-22,60,25,,,
1943-06-29,60,26,,,
1943-07-06,60,27,,,
1943-07-13,60,28,,,
1943-07-20,60,29,,,
1943-07-27,60,30,,,
1943-08-03,60,31,,,
1943-08-10,60,32,,,
1943-08-17,60,33,,,
1943-08-24,60,34,,,
1943-08-31,60,35,,,
1943-09-07,60,36,,,
1943-09-14,60,37,,,
1943-09-21,60,38,,,
1943-09-28,60,39,,,
1943-10-05,60,40,,,
1943-10-12,60,41,,,
1943-10-19,60,42,,,
1943-10-26,60,43,,,
1943-11-02,60,44,,,
1943-11-09,60,45,,,
1943-11-16,60,46,,,
1943-11-23,60,47,,,
1943-11-30,60,48,,,
1943-12-07,60,49,,,
1943-12-14,60,50,,,
1943-12-21,60,51,,,
1943-12-28,60,52,,,
1944-01-04,61,1,,,
1944-01-11,61,2,,,
1944-01-18,61,3,,,
1944-01-25,61,4,,,
1944-02-01,61,5,,,
1944-02-08,61,6,,,
1944-02-15,61,7,,,
1944-02-22,61,8,,,
1944-02-29,61,9,,,
1944-03-07,61,10,,,
1944-03-14,61,11,,,
1944-03-21,61,12,,,
1944-03-28,61,13,,,
1944-04-04,61,14,,,
1944-04-11,61,15,,,
1944-04-18,61,16,,,
1944-04-25,61,17,,,
1944-05-02,61,18,,,
1944-05-09,61,19,,,
1944-05-16,61,20,,,
1944-05-23,61,21,,,
1944-05-30,61,22,,,
1944-06-06,61,23,,,
1944-06-13,61,24,,,
1944-06-20,61,25,,,
1944-06-27,61,26,,,
1944-07-04,61,27,,,
1944-07-11,61,28,,,
1944-07-18,61,29,,,
1944-07-25,61,30,,,
1944-08-01,61,31,,,
1944-08-08,61,32,,,
1944-08-15,61,33,,,
1944-08-22,61,34,,,
1944-08-29,61,35,,,
1944-09-05,61,36,,,
1944-09-12,61,37,,,
1944-09-19,61,38,,,
1944-09-26,61,39,,,
1944-10-03,61,40,,,
1944-10-10,61,41,,,
1944-10-17,61,42,,,
1944-10-24,61,43,,,
1944-10-31,61,44,,,
1944-11-07,61,45,,,
1944-11-14,61,46,,,
1944-11-21,61,47,,,
1944-11-28,61,48,,,
1944-12-05,61,49,,,
1944-12-12,61,50,,,
1944-12-19,61,51,,,
1944-12-26,61,52,,,
1945-01-02,62,1,,,
1945-01-09,62,2,,,
1945-01-16,62,3,,,
1945-01-23,62,4,,,
1945-01-30,62,5,,,
1945-02-06,62,6,,,
1945-02-13,62,7,,,
1945-02-20,62,8,,,
1945-02-27,62,9,,,
1945-03-06,62,10,,,
1945-03-13,62,11,,,
1945-03-20,62,12,,,
1945-03-27,62,13,,,
1945-04-03,62,14,,,
1945-04-10,62,15,,,
1945-04-17,62,16,,,
1945-04-24,62,17,,,
1945-05-01,62,18,,,
1945-05-08,62,19,,,
1945-05-15,62,20,,,
1945-05-22,62,21,,N,Documents/GitHub/anthony-firm-foundation/Issues/FF-1945-05-22
1945-05-29,62,22,,,
1945-06-05,62,23,,,
1945-06-12,62,24,,,
1945-06-19,62,25,,,
1945-06-26,62,26,,,
1945-07-03,62,27,,,
1945-07-10,62,28,,,
1945-07-17,62,29,,,
1945-07-24,62,30,,,
1945-07-31,62,31,,,
1945-08-07,62,32,,,
1945-08-14,62,33,,,
1945-08-21,62,34,,,
1945-08-28,62,35,,,
1945-09-04,62,36,,,
1945-09-11,62,37,,,
1945-09-18,62,38,,,
1945-09-25,62,39,,,
1945-10-02,62,40,,,
1945-10-09,62,41,,,
1945-10-16,62,42,,,
1945-10-23,62,43,,,
1945-10-30,62,44,,,
1945-11-06,62,45,,,
1945-11-13,62,46,,,
1945-11-20,62,47,,,
1945-11-27,62,48,,,
1945-12-04,62,49,,,
1945-12-11,62,50,,,
1945-12-18,62,51,,,
1945-12-25,62,52,,,
1946-01-01,63,1,,,
1946-01-08,63,2,,,
1946-01-15,63,3,,,
1946-01-22,63,4,,,
1946-01-29,63,5,,,
1946-02-05,63,6,,,
1946-02-12,63,7,,,
1946-02-19,63,8,,,
1946-02-26,63,9,,,
1946-03-05,63,10,,,
1946-03-12,63,11,,,
1946-03-19,63,12,,,
1946-03-26,63,13,,,
1946-04-02,63,14,,,
1946-04-09,63,15,,,
1946-04-16,63,16,,,
1946-04-23,63,17,,,
1946-04-30,63,18,,,
1946-05-07,63,19,,,
1946-05-14,63,20,,,
1946-05-21,63,21,,,
1946-05-28,63,22,,,
1946-06-04,63,23,,,
1946-06-11,63,24,,,
1946-06-18,63,25,,,
1946-06-25,63,26,,,
1946-07-02,63,27,,,
1946-07-09,63,28,,,
1946-07-16,63,29,,,
1946-07-23,63,30,,,
1946-07-30,63,31,,,
1946-08-06,63,32,,,
1946-08-13,63,33,,,
1946-08-20,63,34,,,
1946-08-27,63,35,,,
1946-09-03,63,36,,,
1946-09-10,63,37,,,
1946-09-17,63,38,,,
1946-09-24,63,39,,,
1946-10-01,63,40,,,
1946-10-08,63,41,,,
1946-10-15,63,42,,,
1946-10-22,63,43,,,
1946-10-29,63,44,,,
1946-11-05,63,45,,,
1946-11-12,63,46,,,
1946-11-19,63,47,,,
1946-11-26,63,48,,,
1946-12-03,63,49,,,
1946-12-10,63,50,,,
1946-12-17,63,51,,,
1946-12-24,63,52,,,
1946-12-31,63,53,,,
1947-01-07,64,1,,,
1947-01-14,64,2,,,
1947-01-21,64,3,,,
1947-01-28,64,4,,,
1947-02-04,64,5,,,
1947-02-11,64,6,,,
1947-02-18,64,7,,,
1947-02-25,64,8,,,
1947-03-04,64,9,,,
1947-03-11,64,10,,,
1947-03-18,64,11,,,
1947-03-25,64,12,,,
1947-04-01,64,13,,,
1947-04-08,64,14,,,
1947-04-15,64,15,,,
1947-04-22,64,16,,,
1947-04-29,64,17,,,
1947-05-06,64,18,,,
1947-05-13,64,19,,,
1947-05-20,64,20,,,
1947-05-27,64,21,,,
1947-06-03,64,22,,,
1947-06-10,64,23,,,
1947-06-17,64,24,,,
1947-06-24,64,25,,,
1947-07-01,64,26,,,
1947-07-08,64,27,,,
1947-07-15,64,28,,,
1947-07-22,64,29,,,
1947-07-29,64,30,,,
1947-08-05,64,31,,,
1947-08-12,64,32,,,
1947-08-19,64,33,,,
1947-08-26,64,34,,,
1947-09-02,64,35,,,
1947-09-09,64,36,,,
1947-09-16,64,37,,,
1947-09-23,64,38,,,
1947-09-30,64,39,,,
1947-10-07,64,40,,,
1947-10-14,64,41,,,
1947-10-21,64,42,,,
1947-10-28,64,43,,,
1947-11-04,64,44,,,
1947-11-11,64,45,,,
1947-11-18,64,46,,,
1947-11-25,64,47,,,
1947-12-02,64,48,,,
1947-12-09,64,49,,,
1947-12-16,64,50,,,
1947-12-23,64,51,,,
1947-12-30,64,52,,,
1948-01-06,65,1,,,
1948-01-13,65,2,,,
1948-01-20,65,3,,,
1948-01-27,65,4,,,
1948-02-03,65,5,,,
1948-02-10,65,6,,,
1948-02-17,65,7,,,
1948-02-24,65,8,,,
1948-03-02,65,9,,,
1948-03-09,65,10,,,
1948-03-16,65,11,,,
1948-03-23,65,12,,,
1948-03-30,65,13,,,
1948-04-06,65,14,,,
1948-04-13,65,15,,,
1948-04-20,65,16,,,
1948-04-27,65,17,,,
1948-05-04,65,18,,,
1948-05-11,65,19,,,
1948-05-18,65,20,,,
1948-05-25,65,21,,,
1948-06-01,65,22,,,
1948-06-08,65,23,,,
1948-06-15,65,24,,,
1948-06-22,65,25,,,
1948-06-29,65,26,,,
1948-07-06,65,27,,,
1948-07-13,65,28,,,
1948-07-20,65,29,,,
1948-07-27,65,30,,,
1948-08-03,65,31,,,
1948-08-10,65,32,,,
1948-08-17,65,33,,,
1948-08-24,65,34,,,
1948-08-31,65,35,,,
1948-09-07,65,36,,,
1948-09-14,65,37,,,
1948-09-21,65,38,,,
1948-09-28,65,39,,,
1948-10-05,65,40,,,
1948-10-12,65,41,,,
1948-10-19,65,42,,,
1948-10-26,65,43,,,
1948-11-02,65,44,,,
1948-11-09,65,45,,,
1948-11-16,65,46,,,
1948-11-23,65,47,,,
1948-11-30,65,48,,,
1948-12-07,65,49,,,
1948-12-14,65,50,,,
1948-12-21,65,51,,,
1948-12-28,65,52,,,
1949-01-04,66,1,,,
1949-01-11,66,2,,,
1949-01-18,66,3,,,
1949-01-25,66,4,,,
1949-02-01,66,5,,,
1949-02-08,66,6,,,
1949-02-15,66,7,,,
1949-02-22,66,8,,,
1949-03-01,66,9,,,
1949-03-08,66,10,,,
1949-03-15,66,11,,,
1949-03-22,66,12,,,
1949-03-29,66,13,,,
1949-04-05,66,14,,,
1949-04-12,66,15,,,
1949-04-19,66,16,,,
1949-04-26,66,17,,,
1949-05-03,66,18,,,
1949-05-10,66,19,,,
1949-05-17,66,20,,,
1949-05-24,66,21,,,
1949-05-31,66,22,,,
1949-06-07,66,23,,,
1949-06-14,66,24,,,
1949-06-21,66,25,,,
1949-06-28,66,26,,,
1949-07-05,66,27,,,
1949-07-12,66,28,,,
1949-07-19,66,29,,,
1949-07-26,66,30,,,
1949-08-02,66,31,,,
1949-08-09,66,32,,,
1949-08-16,66,33,,,
1949-08-23,66,34,,,
1949-08-30,66,35,,,
1949-09-06,66,36,,,
1949-09-13,66,37,,,
1949-09-20,66,38,,,
1949-09-27,66,39,,,
1949-10-04,66,40,,,
1949-10-11,66,41,,,
1949-10-18,66,42,,,
1949-10-25,66,43,,,
1949-11-01,66,44,,,
1949-11-08,66,45,,,
1949-11-15,66,46,,,
1949-11-22,66,47,,,
1949-11-29,66,48,,,
1949-12-06,66,49,,,
1949-12-13,66,50,,,
1949-12-20,66,51,,,
1949-12-27,66,52,,,
1950-01-03,67,1,,,
1950-01-10,67,2,,,
1950-01-17,67,3,,,
1950-01-24,67,4,,,
1950-01-31,67,5,,,
1950-02-07,67,6,,,
1950-02-14,67,7,,,
1950-02-21,67,8,,,
1950-02-28,67,9,,,
1950-03-07,67,10,,,
1950-03-14,67,11,,,
1950-03-21,67,12,,,
1950-03-28,67,13,,,
1950-04-04,67,14,,,
1950-04-11,67,15,,,
1950-04-18,67,16,,,
1950-04-25,67,17,,,
1950-05-02,67,18,,,
1950-05-09,67,19,,,
1950-05-16,67,20,,,
1950-05-23,67,21,,,
1950-05-30,67,22,,,
1950-06-06,67,23,,,
1950-06-13,67,24,,,
1950-06-20,67,25,,,
1950-06-27,67,26,,,
1950-07-04,67,27,,,
1950-07-11,67,28,,,
1950-07-18,67,29,,,
1950-07-25,67,30,,,
1950-08-01,67,31,,,
1950-08-08,67,32,,,
1950-08-15,67,33,,,
1950-08-22,67,34,,,
1950-08-29,67,35,,,
1950-09-05,67,36,,,
1950-09-12,67,37,,,
1950-09-19,67,38,,,
1950-09-26,67,39,,,
1950-10-03,67,40,,,
1950-10-10,67,41,,,
1950-10-17,67,42,,,
1950-10-24,67,43,,,
1950-10-31,67,44,,,
1950-11-07,67,45,,,
1950-11-14,67,46,,,
1950-11-21,67,47,,,
1950-11-28,67,48,,,
1950-12-05,67,49,,,
1950-12-12,67,50,,,
1950-12-19,67,51,,,
1950-12-26,67,52,,,
1951-01-02,68,1,,,
1951-01-09,68,2,,,
1951-01-16,68,3,,,
1951-01-23,68,4,,,
1951-01-30,68,5,,,
1951-02-06,68,6,,,
1951-02-13,68,7,,,
1951-02-20,68,8,,,
1951-02-27,68,9,,,
1951-03-06,68,10,,,
1951-03-13,68,11,,,
1951-03-20,68,12,,,
1951-03-27,68,13,,,
1951-04-03,68,14,,,
1951-04-10,68,15,,,
1951-04-17,68,16,,,
1951-04-24,68,17,,,
1951-05-01,68,18,,,
1951-05-08,68,19,,,
1951-05-15,68,20,,,
1951-05-22,68,21,,,
1951-05-29,68,22,,,
1951-06-05,68,23,,,
1951-06-12,68,24,,,
1951-06-19,68,25,,,
1951-06-26,68,26,,,
1951-07-03,68,27,,,
1951-07-10,68,28,,,
1951-07-17,68,29,,,
1951-07-24,68,30,,,
1951-07-31,68,31,,,
1951-08-07,68,32,,,
1951-08-14,68,33,,,
1951-08-21,68,34,,,
1951-08-28,68,35,,,
1951-09-04,68,36,,,
1951-09-11,68,37,,,
1951-09-18,68,38,,,
1951-09-25,68,39,,,
1951-10-02,68,40,,,
1951-10-09,68,41,,,
1951-10-16,68,42,,,
1951-10-23,68,43,,,
1951-10-30,68,44,,,
1951-11-06,68,45,,,
1951-11-13,68,46,,,
1951-11-20,68,47,,,
1951-11-27,68,48,,,
1951-12-04,68,49,,,
1951-12-11,68,50,,,
1951-12-18,68,51,,,
1951-12-25,68,52,,,
1952-01-01,69,1,,,
1952-01-08,69,2,,,
1952-01-15,69,3,,,
1952-01-22,69,4,,,
1952-01-29,69,5,,,
1952-02-05,69,6,,,
1952-02-12,69,7,,,
1952-02-19,69,8,,,
1952-02-26,69,9,,,
1952-03-04,69,10,,,
1952-03-11,69,11,,,
1952-03-18,69,12,,,
1952-03-25,69,13,,,
1952-04-01,69,14,,,
1952-04-08,69,15,,,
1952-04-15,69,16,,,
1952-04-22,69,17,,,
1952-04-29,69,18,,,
1952-05-06,69,19,,,
1952-05-13,69,20,,,
1952-05-20,69,21,,,
1952-05-27,69,22,,,
1952-06-03,69,23,,,
1952-06-10,69,24,,,
1952-06-17,69,25,,,
1952-06-24,69,26,,,
1952-07-01,69,27,,,
1952-07-08,69,28,,,
1952-07-15,69,29,,,
1952-07-22,69,30,,,
1952-07-29,69,31,,N,Documents/GitHub/anthony-firm-foundation/Issues/FF-1952-07-29
1952-08-05,69,32,,,
1952-08-12,69,33,,,
1952-08-19,69,34,,,
1952-08-26,69,35,,,
1952-09-02,69,36,,,
1952-09-09,69,37,,,
1952-09-16,69,38,,,
1952-09-23,69,39,,,
1952-09-30,69,40,,,
1952-10-07,69,41,,,
1952-10-14,69,42,,,
1952-10-21,69,43,,,
1952-10-28,69,44,,,
1952-11-04,69,45,,,
1952-11-11,69,46,,,
1952-11-18,69,47,,,
1952-11-25,69,48,,,
1952-12-02,69,49,,,
1952-12-09,69,50,,,
1952-12-16,69,51,,,
1952-12-23,69,52,,,
1952-12-30,69,53,,,
1953-01-06,70,1,,,
1953-01-13,70,2,,,
1953-01-20,70,3,,,
1953-01-27,70,4,,,
1953-02-03,70,5,,,
1953-02-10,70,6,,,
1953-02-17,70,7,,,
1953-02-24,70,8,,,
1953-03-03,70,9,,,
1953-03-10,70,10,,,
1953-03-17,70,11,,,
1953-03-24,70,12,,,
1953-03-31,70,13,,,
1953-04-07,70,14,,,
1953-04-14,70,15,,,
1953-04-21,70,16,,,
1953-04-28,70,17,,,
1953-05-05,70,18,,,
1953-05-12,70,19,,,
1953-05-19,70,20,,,
1953-05-26,70,21,,,
1953-06-02,70,22,,,
1953-06-09,70,23,,,
1953-06-16,70,24,,,
1953-06-23,70,25,,,
1953-06-30,70,26,,,
1953-07-07,70,27,,,
1953-07-14,70,28,,,
1953-07-21,70,29,,,
1953-07-28,70,30,,,
1953-08-04,70,31,,,
1953-08-11,70,32,,,
1953-08-18,70,33,,,
1953-08-25,70,34,,,
1953-09-01,70,35,,,
1953-09-08,70,36,,,
1953-09-15,70,37,,,
1953-09-22,70,38,,,
1953-09-29,70,39,,,
1953-10-06,70,40,,,
1953-10-13,70,41,,,
1953-10-20,70,42,,,
1953-10-27,70,43,,,
1953-11-03,70,44,,,
1953-11-10,70,45,,,
1953-11-17,70,46,,,
1953-11-24,70,47,,,
1953-12-01,70,48,,,
1953-12-08,70,49,,,
1953-12-15,70,50,,,
1953-12-22,70,51,,,
1953-12-29,70,52,,,
1954-01-05,71,1,,,
1954-01-12,71,2,,,
1954-01-19,71,3,,,
1954-01-26,71,4,,,
1954-02-02,71,5,,,
1954-02-09,71,6,,,
1954-02-16,71,7,,,
1954-02-23,71,8,,,
1954-03-02,71,9,,,
1954-03-09,71,10,,,
1954-03-16,71,11,,,
1954-03-23,71,12,,,
1954-03-30,71,13,,,
1954-04-06,71,14,,,
1954-04-13,71,15,,,
1954-04-20,71,16,,,
1954-04-27,71,17,,,
1954-05-04,71,18,,,
1954-05-11,71,19,,,
1954-05-18,71,20,,,
1954-05-25,71,21,,,
1954-06-01,71,22,,,
1954-06-08,71,23,,,
1954-06-15,71,24,,,
1954-06-22,71,25,,,
1954-06-29,71,26,,,
1954-07-06,71,27,,,
1954-07-13,71,28,,,
1954-07-20,71,29,,,
1954-07-27,71,30,,,
1954-08-03,71,31,,,
1954-08-10,71,32,,,
1954-08-17,71,33,,,
1954-08-24,71,34,,,
1954-08-31,71,35,,,
1954-09-07,71,36,,,
1954-09-14,71,37,,,
1954-09-21,71,38,,,
1954-09-28,71,39,,,
1954-10-05,71,40,,,
1954-10-12,71,41,,,
1954-10-19,71,42,,,
1954-10-26,71,43,,,
1954-11-02,71,44,,,
1954-11-09,71,45,,,
1954-11-16,71,46,,,
1954-11-23,71,47,,,
1954-11-30,71,48,,,
1954-12-07,71,49,,,
1954-12-14,71,50,,,
1954-12-21,71,51,,,
1954-12-28,71,52,,,
1955-01-04,72,1,,,
1955-01-11,72,2,,,
1955-01-18,72,3,,,
1955-01-25,72,4,,,
1955-02-01,72,5,,,
1955-02-08,72,6,,,
1955-02-15,72,7,,,
1955-02-22,72,8,,,
1955-03-01,72,9,,,
1955-03-08,72,10,,,
1955-03-15,72,11,,,
1955-03-22,72,12,,,
1955-03-29,72,13,,,
1955-04-05,72,14,,,
1955-04-12,72,15,,,
1955-04-19,72,16,,,
1955-04-26,72,17,,,
1955-05-03,72,18,,,
1955-05-10,72,19,,,
1955-05-17,72,20,,,
1955-05-24,72,21,,,
1955-05-31,72,22,,,
1955-06-07,72,23,,,
1955-06-14,72,24,,,
1955-06-21,72,25,,,
1955-06-28,72,26,,,
1955-07-05,72,27,,,
1955-07-12,72,28,,,
1955-07-19,72,29,,,
1955-07-26,72,30,,,
1955-08-02,72,31,,,
1955-08-09,72,32,,,
1955-08-16,72,33,,,
1955-08-23,72,34,,,
1955-08-30,72,35,,,
1955-09-06,72,36,,,
1955-09-13,72,37,,,
1955-09-20,72,38,,,
1955-09-27,72,39,,,
1955-10-04,72,40,,,
1955-10-11,72,41,,,
1955-10-18,72,42,,,
1955-10-25,72,43,,,
1955-11-01,72,44,,,
1955-11-08,72,45,,,
1955-11-15,72,46,,,
1955-11-22,72,47,,,
1955-11-29,72,48,,,
1955-12-06,72,49,,,
1955-12-13,72,50,,,
1955-12-20,72,51,,,
1955-12-27,72,52,,,
1956-01-03,73,1,,,
1956-01-10,73,2,,,
1956-01-17,73,3,,,
1956-01-24,73,4,,,
1956-01-31,73,5,,,
1956-02-07,73,6,,,
1956-02-14,73,7,,,
1956-02-21,73,8,,,
1956-02-28,73,9,,,
1956-03-06,73,10,,,
1956-03-13,73,11,,,
1956-03-20,73,12,,,
1956-03-27,73,13,,,
1956-04-03,73,14,,,
1956-04-10,73,15,,,
1956-04-17,73,16,,,
1956-04-24,73,17,,,
1956-05-01,73,18,,,
1956-05-08,73,19,,,
1956-05-15,73,20,,,
1956-05-22,73,21,,,
1956-05-29,73,22,,,
1956-06-05,73,23,,,
1956-06-12,73,24,,,
1956-06-19,73,25,,,
1956-06-26,73,26,,,
1956-07-03,73,27,,,
1956-07-10,73,28,,,
1956-07-17,73,29,,,
1956-07-24,73,30,,,
1956-07-31,73,31,,,
1956-08-07,73,32,,,
1956-08-14,73,33,,,
1956-08-21,73,34,,,
1956-08-28,73,35,,,
1956-09-04,73,36,,,
1956-09-11,73,37,,,
1956-09-18,73,38,,,
1956-09-25,73,39,,,
1956-10-02,73,40,,,
1956-10-09,73,41,,,
1956-10-16,73,42,,,
1956-10-23,73,43,,,
1956-10-30,73,44,,,
1956-11-06,73,45,,,
1956-11-13,73,46,,,
1956-11-20,73,47,,,
1956-11-27,73,48,,,
1956-12-04,73,49,,,
1956-12-11,73,50,,,
1956-12-18,73,51,,,
1956-12-25,73,52,,,
1957-01-01,74,1,,,
1957-01-08,74,2,,,
1957-01-15,74,3,,,
1957-01-22,74,4,,,
1957-01-29,74,5,,,
1957-02-05,74,6,,,
1957-02-12,74,7,,,
1957-02-19,74,8,,,
1957-02-26,74,9,,,
1957-03-05,74,10,,,
1957-03-12,74,11,,,
1957-03-19,74,12,,,
1957-03-26,74,13,,,
1957-04-02,74,14,,,
1957-04-09,74,15,,,
1957-04-16,74,16,,,
1957-04-23,74,17,,,
1957-04-30,74,18,,,
1957-05-07,74,19,,,
1957-05-14,74,20,,,
1957-05-21,74,21,,,
1957-05-28,74,22,,,
1957-06-04,74,23,,,
1957-06-11,74,24,,,
1957-06-18,74,25,,,
1957-06-25,74,26,,,
1957-07-02,74,27,,,
1957-07-09,74,28,,,
1957-07-16,74,29,,,
1957-07-23,74,30,,,
1957-07-30,74,31,,,
1957-08-06,74,32,,,
1957-08-13,74,33,,,
1957-08-20,74,34,,,
1957-08-27,74,35,,,
1957-09-03,74,36,,,
1957-09-10,74,37,,,
1957-09-17,74,38,,,
1957-09-24,74,39,,,
1957-10-01,74,40,,,
1957-10-08,74,41,,,
1957-10-15,74,42,,,
1957-10-22,74,43,,,
1957-10-29,74,44,,,
1957-11-05,74,45,,,
1957-11-12,74,46,,,
1957-11-19,74,47,,,
1957-11-26,74,48,,,
1957-12-03,74,49,,,
1957-12-10,74,50,,,
1957-12-17,74,51,,,
1957-12-24,74,52,,,
1957-12-31,74,53,,,
1958-01-07,75,1,,,
1958-01-14,75,2,,,
1958-01-21,75,3,,,
1958-01-28,75,4,,,
1958-02-04,75,5,,,
1958-02-11,75,6,,,
1958-02-18,75,7,,,
1958-02-25,75,8,,,
1958-03-04,75,9,,,
1958-03-11,75,10,,,
1958-03-18,75,11,,,
1958-03-25,75,12,,,
1958-04-01,75,13,,,
1958-04-08,75,14,,,
1958-04-15,75,15,,,
1958-04-22,75,16,,,
1958-04-29,75,17,,,
1958-05-06,75,18,,,
1958-05-13,75,19,,,
1958-05-20,75,20,,,
1958-05-27,75,21,,,
1958-06-03,75,22,,,
1958-06-10,75,23,,,
1958-06-17,75,24,,,
1958-06-24,75,25,,,
1958-07-01,75,26,,,
1958-07-08,75,27,,,
1958-07-15,75,28,,,
1958-07-22,75,29,,,
1958-07-29,75,30,,,
1958-08-05,75,31,,,
1958-08-12,75,32,,,
1958-08-19,75,33,,,
1958-08-26,75,34,,,
1958-09-02,75,35,,,
1958-09-09,75,36,,,
1958-09-16,75,37,,,
1958-09-23,75,38,,,
1958-09-30,75,39,,,
1958-10-07,75,40,,,
1958-10-14,75,41,,,
1958-10-21,75,42,,,
1958-10-28,75,43,,,
1958-11-04,75,44,,,
1958-11-11,75,45,,,
1958-11-18,75,46,,,
1958-11-25,75,47,,,
1958-12-02,75,48,,,
1958-12-09,75,49,,,
1958-12-16,75,50,,,
1958-12-23,75,51,,,
1958-12-30,75,52,,,
1959-01-06,76,1,,,
1959-01-13,76,2,,,
1959-01-20,76,3,,,
1959-01-27,76,4,,,
1959-02-03,76,5,,,
1959-02-10,76,6,,,
1959-02-17,76,7,,,
1959-02-24,76,8,,,
1959-03-03,76,9,,,
1959-03-10,76,10,,,
1959-03-17,76,11,,,
1959-03-24,76,12,,,
1959-03-31,76,13,,,
1959-04-07,76,14,,,
1959-04-14,76,15,,,
1959-04-21,76,16,,,
1959-04-28,76,17,,,
1959-05-05,76,18,,,
1959-05-12,76,19,,,
1959-05-19,76,20,,,
1959-05-26,76,21,,,
1959-06-02,76,22,,,
1959-06-09,76,23,,,
1959-06-16,76,24,,,
1959-06-23,76,25,,,
1959-06-30,76,26,,,
1959-07-07,76,27,,,
1959-07-14,76,28,,,
1959-07-21,76,29,,,
1959-07-28,76,30,,,
1959-08-04,76,31,,,
1959-08-11,76,32,,,
1959-08-18,76,33,,,
1959-08-25,76,34,,,
1959-09-01,76,35,,,
1959-09-08,76,36,,,
1959-09-15,76,37,,,
1959-09-22,76,38,,,
1959-09-29,76,39,,,
1959-10-06,76,40,,,
1959-10-13,76,41,,,
1959-10-20,76,42,,,
1959-10-27,76,43,,,
1959-11-03,76,44,,,
1959-11-10,76,45,,,
1959-11-17,76,46,,,
1959-11-24,76,47,,,
1959-12-01,76,48,,,
1959-12-08,76,49,,,
1959-12-15,76,50,,,
1959-12-22,76,51,,,
1959-12-29,76,52,,,
1960-01-05,77,1,,,
1960-01-12,77,2,,,
1960-01-19,77,3,,,
1960-01-26,77,4,,,
1960-02-02,77,5,,,
1960-02-09,77,6,,,
1960-02-16,77,7,,,
1960-02-23,77,8,,,
1960-03-01,77,9,,,
1960-03-08,77,10,,,
1960-03-15,77,11,,,
1960-03-22,77,12,,,
1960-03-29,77,13,,,
1960-04-05,77,14,,,
1960-04-12,77,15,,,
1960-04-19,77,16,,,
1960-04-26,77,17,,,
1960-05-03,77,18,,,
1960-05-10,77,19,,,
1960-05-17,77,20,,,
1960-05-24,77,21,,,
1960-05-31,77,22,,,
1960-06-07,77,23,,,
1960-06-14,77,24,,,
1960-06-21,77,25,,,
1960-06-28,77,26,,,
1960-07-05,77,27,,,
1960-07-12,77,28,,,
1960-07-19,77,29,,,
1960-07-26,77,30,,,
1960-08-02,77,31,,,
1960-08-09,77,32,,,
1960-08-16,77,33,,,
1960-08-23,77,34,,,
1960-08-30,77,35,,,
1960-09-06,77,36,,,
1960-09-13,77,37,,,
1960-09-20,77,38,,,
1960-09-27,77,39,,,
1960-10-04,77,40,,,
1960-10-11,77,41,,,
1960-10-18,77,42,,,
1960-10-25,77,43,,,
1960-11-01,77,44,,,
1960-11-08,77,45,,N,Documents/GitHub/anthony-firm-foundation/Issues/FF-1960-11-08
1960-11-15,77,46,,,
1960-11-22,77,47,,,
1960-11-29,77,48,,,
1960-12-06,77,49,,,
1960-12-13,77,50,,,
1960-12-20,77,51,,,
1960-12-27,77,52,,,
1961-01-03,78,1,,,
1961-01-10,78,2,,,
1961-01-17,78,3,,,
1961-01-24,78,4,,,
1961-01-31,78,5,,,
1961-02-07,78,6,,,
1961-02-14,78,7,,,
1961-02-21,78,8,,,
1961-02-28,78,9,,,
1961-03-07,78,10,,,
1961-03-14,78,11,,,
1961-03-21,78,12,,,
1961-03-28,78,13,,,
1961-04-04,78,14,,,
1961-04-11,78,15,,,
1961-04-18,78,16,,,
1961-04-25,78,17,,,
1961-05-02,78,18,,,
1961-05-09,78,19,,,
1961-05-16,78,20,,,
1961-05-23,78,21,,,
1961-05-30,78,22,,,
1961-06-06,78,23,,,
1961-06-13,78,24,,,
1961-06-20,78,25,,,
1961-06-27,78,26,,,
1961-07-04,78,27,,,
1961-07-11,78,28,,,
1961-07-18,78,29,,,
1961-07-25,78,30,,,
1961-08-01,78,31,,,
1961-08-08,78,32,,,
1961-08-15,78,33,,,
1961-08-22,78,34,,,
1961-08-29,78,35,,,
1961-09-05,78,36,,,
1961-09-12,78,37,,,
1961-09-19,78,38,,,
1961-09-26,78,39,,,
1961-10-03,78,40,,,
1961-10-10,78,41,,,
1961-10-17,78,42,,,
1961-10-24,78,43,,,
1961-10-31,78,44,,,
1961-11-07,78,45,,,
1961-11-14,78,46,,,
1961-11-21,78,47,,,
1961-11-28,78,48,,,
1961-12-05,78,49,,,
1961-12-12,78,50,,,
1961-12-19,78,51,,,
1961-12-26,78,52,,,
1962-01-02,79,1,,,
1962-01-09,79,2,,,
1962-01-16,79,3,,,
1962-01-23,79,4,,,
1962-01-30,79,5,,,
1962-02-06,79,6,,,
1962-02-13,79,7,,,
1962-02-20,79,8,,,
1962-02-27,79,9,,,
1962-03-06,79,10,,,
1962-03-13,79,11,,,
1962-03-20,79,12,,,
1962-03-27,79,13,,,
1962-04-03,79,14,,,
1962-04-10,79,15,,,
1962-04-17,79,16,,,
1962-04-24,79,17,,,
1962-05-01,79,18,,,
1962-05-08,79,19,,,
1962-05-15,79,20,,,
1962-05-22,79,21,,,
1962-05-29,79,22,,,
1962-06-05,79,23,,,
1962-06-12,79,24,,,
1962-06-19,79,25,,,
1962-06-26,79,26,,,
1962-07-03,79,27,,,
1962-07-10,79,28,,,
1962-07-17,79,29,,,
1962-07-24,79,30,,,
1962-07-31,79,31,,,
1962-08-07,79,32,,,
1962-08-14,79,33,,,
1962-08-21,79,34,,,
1962-08-28,79,35,,,
1962-09-04,79,36,,,
1962-09-11,79,37,,,
1962-09-18,79,38,,,
1962-09-25,79,39,,,
1962-10-02,79,40,,,
1962-10-09,79,41,,,
1962-10-16,79,42,,,
1962-10-23,79,43,,,
1962-10-30,79,44,,,
1962-11-06,79,45,,,
1962-11-13,79,46,,,
1962-11-20,79,47,,,
1962-11-27,79,48,,,
1962-12-04,79,49,,,
1962-12-11,79,50,,,
1962-12-18,79,51,,,
1962-12-25,79,52,,,
1963-01-01,80,1,,,
1963-01-08,80,2,,,
1963-01-15,80,3,,,
1963-01-22,80,4,,,
1963-01-29,80,5,,,
1963-02-05,80,6,,,
1963-02-12,80,7,,,
1963-02-19,80,8,,,
1963-02-26,80,9,,,
1963-03-05,80,10,,,
1963-03-12,80,11,,,
1963-03-19,80,12,,,
1963-03-26,80,13,,,
1963-04-02,80,14,,,
1963-04-09,80,15,,,
1963-04-16,80,16,,,
1963-04-23,80,17,,,
1963-04-30,80,18,,,
1963-05-07,80,19,,,
1963-05-14,80,20,,,
1963-05-21,80,21,,,
1963-05-28,80,22,,,
1963-06-04,80,23,,,
1963-06-11,80,24,,,
1963-06-18,80,25,,,
1963-06-25,80,26,,,
1963-07-02,80,27,,,
1963-07-09,80,28,,,
1963-07-16,80,29,,,
1963-07-23,80,30,,,
1963-07-30,80,31,,,
1963-08-06,80,32,,,
1963-08-13,80,33,,,
1963-08-20,80,34,,,
1963-08-27,80,35,,,
1963-09-03,80,36,,,
1963-09-10,80,37,,,
1963-09-17,80,38,,,
1963-09-24,80,39,,,
1963-10-01,80,40,,,
1963-10-08,80,41,,,
1963-10-15,80,42,,,
1963-10-22,80,43,,,
1963-10-29,80,44,,,
1963-11-05,80,45,,,
1963-11-12,80,46,,,
1963-11-19,80,47,,,
1963-11-26,80,48,,,
1963-12-03,80,49,,,
1963-12-10,80,50,,,
1963-12-17,80,51,,,
1963-12-24,80,52,,,
1963-12-31,80,53,,,
1964-01-07,81,1,,,
1964-01-14,81,2,,,
1964-01-21,81,3,,,
1964-01-28,81,4,,,
1964-02-04,81,5,,,
1964-02-11,81,6,,,
1964-02-18,81,7,,,
1964-02-25,81,8,,,
1964-03-03,81,9,,,
1964-03-10,81,10,,,
1964-03-17,81,11,,,
1964-03-24,81,12,,,
1964-03-31,81,13,,,
1964-04-07,81,14,,,
1964-04-14,81,15,,,
1964-04-21,81,16,,,
1964-04-28,81,17,,,
1964-05-05,81,18,,,
1964-05-12,81,19,,,
1964-05-19,81,20,,,
1964-05-26,81,21,,,
1964-06-02,81,22,,,
1964-06-09,81,23,,,
1964-06-16,81,24,,,
1964-06-23,81,25,,,
1964-06-30,81,26,,,
1964-07-07,81,27,,,
1964-07-14,81,28,,,
1964-07-21,81,29,,,
1964-07-28,81,30,,,
1964-08-04,81,31,,,
1964-08-11,81,32,,,
1964-08-18,81,33,,,
1964-08-25,81,34,,,
1964-09-01,81,35,,,
1964-09-08,81,36,,,
1964-09-15,81,37,,,
1964-09-22,81,38,,,
1964-09-29,81,39,,,
1964-10-06,81,40,,,
1964-10-13,81,41,,,
1964-10-20,81,42,,,
1964-10-27,81,43,,,
1964-11-03,81,44,,,
1964-11-10,81,45,,,
1964-11-17,81,46,,,
1964-11-24,81,47,,,
1964-12-01,81,48,,,
1964-12-08,81,49,,,
1964-12-15,81,50,,,
1964-12-22,81,51,,,
1964-12-29,81,52,,,
1965-01-05,82,1,,,
1965-01-12,82,2,,,
1965-01-19,82,3,,,
1965-01-26,82,4,,,
1965-02-02,82,5,,,
1965-02-09,82,6,,,
1965-02-16,82,7,,,
1965-02-23,82,8,,,
1965-03-02,82,9,,,
1965-03-09,82,10,,,
1965-03-16,82,11,,,
1965-03-23,82,12,,,
1965-03-30,82,13,,,
1965-04-06,82,14,,,
1965-04-13,82,15,,,
1965-04-20,82,16,,,
1965-04-27,82,17,,,
1965-05-04,82,18,,,
1965-05-11,82,19,,,
1965-05-18,82,20,,,
1965-05-25,82,21,,,
1965-06-01,82,22,,,
1965-06-08,82,23,,,
1965-06-15,82,24,,,
1965-06-22,82,25,,,
1965-06-29,82,26,,,
1965-07-06,82,27,,,
1965-07-13,82,28,,,
1965-07-20,82,29,,,
1965-07-27,82,30,,,
1965-08-03,82,31,,,
1965-08-10,82,32,,,
1965-08-17,82,33,,,
1965-08-24,82,34,,,
1965-08-31,82,35,,,
1965-09-07,82,36,,,
1965-09-14,82,37,,,
1965-09-21,82,38,,,
1965-09-28,82,39,,,
1965-10-05,82,40,,,
1965-10-12,82,41,,,
1965-10-19,82,42,,,
1965-10-26,82,43,,,
1965-11-02,82,44,,,
1965-11-09,82,45,,,
1965-11-16,82,46,,,
1965-11-23,82,47,,,
1965-11-30,82,48,,,
1965-12-07,82,49,,,
1965-12-14,82,50,,,
1965-12-21,82,51,,,
1965-12-28,82,52,,,
1966-01-04,83,1,,,
1966-01-11,83,2,,,
1966-01-18,83,3,,,
1966-01-25,83,4,,,
1966-02-01,83,5,,,
1966-02-08,83,6,,,
1966-02-15,83,7,,,
1966-02-22,83,8,,,
1966-03-01,83,9,,,
1966-03-08,83,10,,,
1966-03-15,83,11,,,
1966-03-22,83,12,,,
1966-03-29,83,13,,,
1966-04-05,83,14,,,
1966-04-12,83,15,,,
1966-04-19,83,16,,,
1966-04-26,83,17,,,
1966-05-03,83,18,,,
1966-05-10,83,19,,,
1966-05-17,83,20,,,
1966-05-24,83,21,,,
1966-05-31,83,22,,,
1966-06-07,83,23,,,
1966-06-14,83,24,,,
1966-06-21,83,25,,,
1966-06-28,83,26,,,
1966-07-05,83,27,,,
1966-07-12,83,28,,,
1966-07-19,83,29,,,
1966-07-26,83,30,,,
1966-08-02,83,31,,,
1966-08-09,83,32,,,
1966-08-16,83,33,,,
1966-08-23,83,34,,,
1966-08-30,83,35,,,
1966-09-06,83,36,,,
1966-09-13,83,37,,,
1966-09-20,83,38,,,
1966-09-27,83,39,,,
1966-10-04,83,40,,,
1966-10-11,83,41,,,
1966-10-18,83,42,,,
1966-10-25,83,43,,,
1966-11-01,83,44,,,
1966-11-08,83,45,,,
1966-11-15,83,46,,,
1966-11-22,83,47,,,
1966-11-29,83,48,,,
1966-12-06,83,49,,,
1966-12-13,83,50,,,
1966-12-20,83,51,,,
1966-12-27,83,52,,,
1967-01-03,84,1,,,
1967-01-10,84,2,,,
1967-01-17,84,3,,,
1967-01-24,84,4,,,
1967-01-31,84,5,,,
1967-02-07,84,6,,,
1967-02-14,84,7,,,
1967-02-21,84,8,,,
1967-02-28,84,9,,,
1967-03-07,84,10,,,
1967-03-14,84,11,,,
1967-03-21,84,12,,,
1967-03-28,84,13,,,
1967-04-04,84,14,,,
1967-04-11,84,15,,,
1967-04-18,84,16,,,
1967-04-25,84,17,,,
1967-05-02,84,18,,,
1967-05-09,84,19,,,
1967-05-16,84,20,,,
1967-05-23,84,21,,,
1967-05-30,84,22,,,
1967-06-06,84,23,,,
1967-06-13,84,24,,,
1967-06-20,84,25,,,
1967-06-27,84,26,,,
1967-07-04,84,27,,,
1967-07-11,84,28,,,
1967-07-18,84,29,,,
1967-07-25,84,30,,,
1967-08-01,84,31,,,
1967-08-08,84,32,,,
1967-08-15,84,33,,,
1967-08-22,84,34,,,
1967-08-29,84,35,,,
1967-09-05,84,36,,,
1967-09-12,84,37,,,
1967-09-19,84,38,,,
1967-09-26,84,39,,,
1967-10-03,84,40,,,
1967-10-10,84,41,,,
1967-10-17,84,42,,,
1967-10-24,84,43,,,
1967-10-31,84,44,,,
1967-11-07,84,45,,,
1967-11-14,84,46,,,
1967-11-21,84,47,,,
1967-11-28,84,48,,,
1967-12-05,84,49,,,
1967-12-12,84,50,,,
1967-12-19,84,51,,,
1967-12-26,84,52,,,
1968-01-02,85,1,,,
1968-01-09,85,2,,,
1968-01-16,85,3,,,
1968-01-23,85,4,,,
1968-01-30,85,5,,,
1968-02-06,85,6,,,
1968-02-13,85,7,,,
1968-02-20,85,8,,,
1968-02-27,85,9,,,
1968-03-05,85,10,,,
1968-03-12,85,11,,,
1968-03-19,85,12,,,
1968-03-26,85,13,,,
1968-04-02,85,14,,,
1968-04-09,85,15,,,
1968-04-16,85,16,,,
1968-04-23,85,17,,,
1968-04-30,85,18,,,
1968-05-07,85,19,,,
1968-05-14,85,20,,,
1968-05-21,85,21,,,
1968-05-28,85,22,,,
1968-06-04,85,23,,,
1968-06-11,85,24,,,
1968-06-18,85,25,,,
1968-06-25,85,26,,,
1968-07-02,85,27,,,
1968-07-09,85,28,,,
1968-07-16,85,29,,,
1968-07-23,85,30,,,
1968-07-30,85,31,,,
1968-08-06,85,32,,,
1968-08-13,85,33,,,
1968-08-20,85,34,,,
1968-08-27,85,35,,,
1968-09-03,85,36,,,
1968-09-10,85,37,,,
1968-09-17,85,38,,,
1968-09-24,85,39,,,
1968-10-01,85,40,,,
1968-10-08,85,41,,,
1968-10-15,85,42,,,
1968-10-22,85,43,,,
1968-10-29,85,44,,,
1968-11-05,85,45,,,
1968-11-12,85,46,,,
1968-11-19,85,47,,,
1968-11-26,85,48,,,
1968-12-03,85,49,,,
1968-12-10,85,50,,,
1968-12-17,85,51,,,
1968-12-24,85,52,,,
1968-12-31,85,53,,,
1969-01-07,86,1,,,
1969-01-14,86,2,,,
1969-01-21,86,3,,,
1969-01-28,86,4,,,
1969-02-04,86,5,,,
1969-02-11,86,6,,,
1969-02-18,86,7,,,
1969-02-25,86,8,,,
1969-03-04,86,9,,,
1969-03-11,86,10,,,
1969-03-18,86,11,,,
1969-03-25,86,12,,,
1969-04-01,86,13,,,
1969-04-08,86,14,,,
1969-04-15,86,15,,,
1969-04-22,86,16,,,
1969-04-29,86,17,,,
1969-05-06,86,18,,,
1969-05-13,86,19,,,
1969-05-20,86,20,,,
1969-05-27,86,21,,,
1969-06-03,86,22,,,
1969-06-10,86,23,,,
1969-06-17,86,24,,,
1969-06-24,86,25,,,
1969-07-01,86,26,,,
1969-07-08,86,27,,,
1969-07-15,86,28,,,
1969-07-22,86,29,,,
1969-07-29,86,30,,,
1969-08-05,86,31,,,
1969-08-12,86,32,,,
1969-08-19,86,33,,,
1969-08-26,86,34,,,
1969-09-02,86,35,,,
1969-09-09,86,36,,,
1969-09-16,86,37,,,
1969-09-23,86,38,,,
1969-09-30,86,39,,,
1969-10-07,86,40,,,
1969-10-14,86,41,,,
1969-10-21,86,42,,,
1969-10-28,86,43,,,
1969-11-04,86,44,,,
1969-11-11,86,45,,,
1969-11-18,86,46,,,
1969-11-25,86,47,,,
1969-12-02,86,48,,,
1969-12-09,86,49,,,
1969-12-16,86,50,,,
1969-12-23,86,51,,,
1969-12-30,86,52,,,
1970-01-06,87,1,,,
1970-01-13,87,2,,,
1970-01-20,87,3,,,
1970-01-27,87,4,,,
1970-02-03,87,5,,,
1970-02-10,87,6,,,
1970-02-17,87,7,,,
1970-02-24,87,8,,,
1970-03-03,87,9,,,
1970-03-10,87,10,,,
1970-03-17,87,11,,,
1970-03-24,87,12,,,
1970-03-31,87,13,,,
1970-04-07,87,14,,,
1970-04-14,87,15,,,
1970-04-21,87,16,,,
1970-04-28,87,17,,,
1970-05-05,87,18,,,
1970-05-12,87,19,,,
1970-05-19,87,20,,,
1970-05-26,87,21,,,
1970-06-02,87,22,,,
1970-06-09,87,23,,,
1970-06-16,87,24,,,
1970-06-23,87,25,,,
1970-06-30,87,26,,,
1970-07-07,87,27,,,
1970-07-14,87,28,,,
1970-07-21,87,29,,,
1970-07-28,87,30,,,
1970-08-04,87,31,,,
1970-08-11,87,32,,,
1970-08-18,87,33,,,
1970-08-25,87,34,,,
1970-09-01,87,35,,,
1970-09-08,87,36,,,
1970-09-15,87,37,,,
1970-09-22,87,38,,,
1970-09-29,87,39,,,
1970-10-06,87,40,,,
1970-10-13,87,41,,,
1970-10-20,87,42,,,
1970-10-27,87,43,,,
1970-11-03,87,44,,,
1970-11-10,87,45,,,
1970-11-17,87,46,,,
1970-11-24,87,47,,,
1970-12-01,87,48,,,
1970-12-08,87,49,,,
1970-12-15,87,50,,,
1970-12-22,87,51,,,
1970-12-29,87,52,,,
1971-01-05,88,1,,,
1971-01-12,88,2,,,
1971-01-19,88,3,,,
1971-01-26,88,4,,,
1971-02-02,88,5,,,
1971-02-09,88,6,,,
1971-02-16,88,7,,,
1971-02-23,88,8,,,
1971-03-02,88,9,,,
1971-03-09,88,10,,,
1971-03-16,88,11,,,
1971-03-23,88,12,,,
1971-03-30,88,13,,,
1971-04-06,88,14,,,
1971-04-13,88,15,,,
1971-04-20,88,16,,,
1971-04-27,88,17,,,
1971-05-04,88,18,,,
1971-05-11,88,19,,,
1971-05-18,88,20,,,
1971-05-25,88,21,,,
1971-06-01,88,22,,,
1971-06-08,88,23,,,
1971-06-15,88,24,,,
1971-06-22,88,25,,,
1971-06-29,88,26,,,
1971-07-06,88,27,,,
1971-07-13,88,28,,,
1971-07-20,88,29,,,
1971-07-27,88,30,,,
1971-08-03,88,31,,,
1971-08-10,88,32,,,
1971-08-17,88,33,,,
1971-08-24,88,34,,,
1971-08-31,88,35,,,
1971-09-07,88,36,,,
1971-09-14,88,37,,,
1971-09-21,88,38,,,
1971-09-28,88,39,,,
1971-10-05,88,40,,,
1971-10-12,88,41,,,
1971-10-19,88,42,,,
1971-10-26,88,43,,,
1971-11-02,88,44,,,
1971-11-09,88,45,,,
1971-11-16,88,46,,,
1971-11-23,88,47,,,
1971-11-30,88,48,,,
1971-12-07,88,49,,,
1971-12-14,88,50,,,
1971-12-21,88,51,,,
1971-12-28,88,52,,,
1972-01-04,89,1,,,
1972-01-11,89,2,,,
1972-01-18,89,3,,,
1972-01-25,89,4,,,
1972-02-01,89,5,,,
1972-02-08,89,6,,,
1972-02-15,89,7,,,
1972-02-22,89,8,,,
1972-02-29,89,9,,,
1972-03-07,89,10,,,
1972-03-14,89,11,,,
1972-03-21,89,12,,,
1972-03-28,89,13,,,
1972-04-04,89,14,,,
1972-04-11,89,15,,,
1972-04-18,89,16,,,
1972-04-25,89,17,,,
1972-05-02,89,18,,,
1972-05-09,89,19,,,
1972-05-16,89,20,,,
1972-05-23,89,21,,,
1972-05-30,89,22,,,
1972-06-06,89,23,,,
1972-06-13,89,24,,,
1972-06-20,89,25,,,
1972-06-27,89,26,,,
1972-07-04,89,27,,,
1972-07-11,89,28,,,
1972-07-18,89,29,,,
1972-07-25,89,30,,,
1972-08-01,89,31,,,
1972-08-08,89,32,,,
1972-08-15,89,33,,,
1972-08-22,89,34,,,
1972-08-29,89,35,,,
1972-09-05,89,36,,,
1972-09-12,89,37,,,
1972-09-19,89,38,,,
1972-09-26,89,39,,,
1972-10-03,89,40,,,
1972-10-10,89,41,,,
1972-10-17,89,42,,,
1972-10-24,89,43,,,
1972-10-31,89,44,,,
1972-11-07,89,45,,,
1972-11-14,89,46,,,
1972-11-21,89,47,,,
1972-11-28,89,48,,,
1972-12-05,89,49,,,
1972-12-12,89,50,,,
1972-12-19,89,51,,,
1972-12-26,89,52,,,
1973-01-02,90,1,,,
1973-01-09,90,2,,,
1973-01-16,90,3,,,
1973-01-23,90,4,,,
1973-01-30,90,5,,,
1973-02-06,90,6,,,
1973-02-13,90,7,,,
1973-02-20,90,8,,,
1973-02-27,90,9,,,
1973-03-06,90,10,,,
1973-03-13,90,11,,,
1973-03-20,90,12,,,
1973-03-27,90,13,,,
1973-04-03,90,14,,,
1973-04-10,90,15,,,
1973-04-17,90,16,,,
1973-04-24,90,17,,,
1973-05-01,90,18,,,
1973-05-08,90,19,,,
1973-05-15,90,20,,,
1973-05-22,90,21,,,
1973-05-29,90,22,,,
1973-06-05,90,23,,,
1973-06-12,90,24,,,
1973-06-19,90,25,,,
1973-06-26,90,26,,,
1973-07-03,90,27,,,
1973-07-10,90,28,,,
1973-07-17,90,29,,,
1973-07-24,90,30,,,
1973-07-31,90,31,,,
1973-08-07,90,32,,,
1973-08-14,90,33,,,
1973-08-21,90,34,,,
1973-08-28,90,35,,,
1973-09-04,90,36,,,
1973-09-11,90,37,,,
1973-09-18,90,38,,,
1973-09-25,90,39,,,
1973-10-02,90,40,,,
1973-10-09,90,41,,,
1973-10-16,90,42,,,
1973-10-23,90,43,,,
1973-10-30,90,44,,,
1973-11-06,90,45,,,
1973-11-13,90,46,,,
1973-11-20,90,47,,,
1973-11-27,90,48,,,
1973-12-04,90,49,,,
1973-12-11,90,50,,,
1973-12-18,90,51,,,
1973-12-25,90,52,,,
1974-01-01,91,1,,,
1974-01-08,91,2,,,
1974-01-15,91,3,,,
1974-01-22,91,4,,,
1974-01-29,91,5,,,
1974-02-05,91,6,,,
1974-02-12,91,7,,,
1974-02-19,91,8,,,
1974-02-26,91,9,,,
1974-03-05,91,10,,,
1974-03-12,91,11,,,
1974-03-19,91,12,,,
1974-03-26,91,13,,,
1974-04-02,91,14,,,
1974-04-09,91,15,,,
1974-04-16,91,16,,,
1974-04-23,91,17,,,
1974-04-30,91,18,,,
1974-05-07,91,19,,,
1974-05-14,91,20,,,
1974-05-21,91,21,,,
1974-05-28,91,22,,,
1974-06-04,91,23,,,
1974-06-11,91,24,,,
1974-06-18,91,25,,,
1974-06-25,91,26,,,
1974-07-02,91,27,,,
1974-07-09,91,28,,,
1974-07-16,91,29,,,
1974-07-23,91,30,,,
1974-07-30,91,31,,,
1974-08-06,91,32,,,
1974-08-13,91,33,,,
1974-08-20,91,34,,,
1974-08-27,91,35,,,
1974-09-03,91,36,,,
1974-09-10,91,37,,,
1974-09-17,91,38,,,
1974-09-24,91,39,,,
1974-10-01,91,40,,,
1974-10-08,91,41,,,
1974-10-15,91,42,,,
1974-10-22,91,43,,,
1974-10-29,91,44,,,
1974-11-05,91,45,,,
1974-11-12,91,46,,,
1974-11-19,91,47,,,
1974-11-26,91,48,,,
1974-12-03,91,49,,,
1974-12-10,91,50,,,
1974-12-17,91,51,,,
1974-12-24,91,52,,,
1974-12-31,91,53,,,
1975-01-07,92,1,,,
1975-01-14,92,2,,,
1975-01-21,92,3,,,
1975-01-28,92,4,,,
1975-02-04,92,5,,,
1975-02-11,92,6,,,
1975-02-18,92,7,,,
1975-02-25,92,8,,,
1975-03-04,92,9,,,
1975-03-11,92,10,,,
1975-03-18,92,11,,,
1975-03-25,92,12,,,
1975-04-01,92,13,,,
1975-04-08,92,14,,,
1975-04-15,92,15,,,
1975-04-22,92,16,,,
1975-04-29,92,17,,,
1975-05-06,92,18,,,
1975-05-13,92,19,,,
1975-05-20,92,20,,,
1975-05-27,92,21,,,
1975-06-03,92,22,,,
1975-06-10,92,23,,,
1975-06-17,92,24,,,
1975-06-24,92,25,,,
1975-07-01,92,26,,,
1975-07-08,92,27,,,
1975-07-15,92,28,,,
1975-07-22,92,29,,,
1975-07-29,92,30,,,
1975-08-05,92,31,,,
1975-08-12,92,32,,,
1975-08-19,92,33,,,
1975-08-26,92,34,,,
1975-09-02,92,35,,,
1975-09-09,92,36,,,
1975-09-16,92,37,,,
1975-09-23,92,38,,,
1975-09-30,92,39,,,
1975-10-07,92,40,,,
1975-10-14,92,41,,,
1975-10-21,92,42,,,
1975-10-28,92,43,,,
1975-11-04,92,44,,,
1975-11-11,92,45,,,
1975-11-18,92,46,,,
1975-11-25,92,47,,,
1975-12-02,92,48,,,
1975-12-09,92,49,,,
1975-12-16,92,50,,,
1975-12-23,92,51,,,
1975-12-30,92,52,,,
1976-01-06,93,1,,,
1976-01-13,93,2,,,
1976-01-20,93,3,,,
1976-01-27,93,4,,,
1976-02-03,93,5,,,
1976-02-10,93,6,,,
1976-02-17,93,7,,,
1976-02-24,93,8,,,
1976-03-02,93,9,,,
1976-03-09,93,10,,,
1976-03-16,93,11,,,
1976-03-23,93,12,,,
1976-03-30,93,13,,,
1976-04-06,93,14,,,
1976-04-13,93,15,,,
1976-04-20,93,16,,,
1976-04-27,93,17,,,
1976-05-04,93,18,,,
1976-05-11,93,19,,,
1976-05-18,93,20,,,
1976-05-25,93,21,,,
1976-06-01,93,22,,,
1976-06-08,93,23,,,
1976-06-15,93,24,,,
1976-06-22,93,25,,,
1976-06-29,93,26,,,
1976-07-06,93,27,,,
1976-07-13,93,28,,,
1976-07-20,93,29,,,
1976-07-27,93,30,,,
1976-08-03,93,31,,,
1976-08-10,93,32,,N,Documents/GitHub/anthony-firm-foundation/Issues/FF-1976-08-10
1976-08-17,93,33,,,
1976-08-24,93,34,,,
1976-08-31,93,35,,,
1976-09-07,93,36,,,
1976-09-14,93,37,,,
1976-09-21,93,38,,,
1976-09-28,93,39,,,
1976-10-05,93,40,,,
1976-10-12,93,41,,,
1976-10-19,93,42,,,
1976-10-26,93,43,,,
1976-11-02,93,44,,,
1976-11-09,93,45,,,
1976-11-16,93,46,,,
1976-11-23,93,47,,,
1976-11-30,93,48,,,
1976-12-07,93,49,,,
1976-12-14,93,50,,,
1976-12-21,93,51,,,
1976-12-28,93,52,,,
1977-01-04,94,1,,,
1977-01-11,94,2,,,
1977-01-18,94,3,,,
1977-01-25,94,4,,,
1977-02-01,94,5,,,
1977-02-08,94,6,,,
1977-02-15,94,7,,,
1977-02-22,94,8,,,
1977-03-01,94,9,,,
1977-03-08,94,10,,,
1977-03-15,94,11,,,
1977-03-22,94,12,,,
1977-03-29,94,13,,,
1977-04-05,94,14,,,
1977-04-12,94,15,,,
1977-04-19,94,16,,,
1977-04-26,94,17,,,
1977-05-03,94,18,,,
1977-05-10,94,19,,,
1977-05-17,94,20,,,
1977-05-24,94,21,,,
1977-05-31,94,22,,,
1977-06-07,94,23,,,
1977-06-14,94,24,,,
1977-06-21,94,25,,,
1977-06-28,94,26,,,
1977-07-05,94,27,,,
1977-07-12,94,28,,,
1977-07-19,94,29,,,
1977-07-26,94,30,,,
1977-08-02,94,31,,,
1977-08-09,94,32,,,
1977-08-16,94,33,,,
1977-08-23,94,34,,,
1977-08-30,94,35,,,
1977-09-06,94,36,,,
1977-09-13,94,37,,,
1977-09-20,94,38,,,
1977-09-27,94,39,,,
1977-10-04,94,40,,,
1977-10-11,94,41,,,
1977-10-18,94,42,,,
1977-10-25,94,43,,,
1977-11-01,94,44,,,
1977-11-08,94,45,,,
1977-11-15,94,46,,,
1977-11-22,94,47,,,
1977-11-29,94,48,,,
1977-12-06,94,49,,,
1977-12-13,94,50,,,
1977-12-20,94,51,,,
1977-12-27,94,52,,,
1978-01-03,95,1,,,
1978-01-10,95,2,,,
1978-01-17,95,3,,,
1978-01-24,95,4,,,
1978-01-31,95,5,,,
1978-02-07,95,6,,,
1978-02-14,95,7,,,
1978-02-21,95,8,,,
1978-02-28,95,9,,,
1978-03-07,95,10,,,
1978-03-14,95,11,,,
1978-03-21,95,12,,,
1978-03-28,95,13,,,
1978-04-04,95,14,,,
1978-04-11,95,15,,,
1978-04-18,95,16,,,
1978-04-25,95,17,,,
1978-05-02,95,18,,,
1978-05-09,95,19,,,
1978-05-16,95,20,,,
1978-05-23,95,21,,,
1978-05-30,95,22,,,
1978-06-06,95,23,,,
1978-06-13,95,24,,,
1978-06-20,95,25,,,
1978-06-27,95,26,,,
1978-07-04,95,27,,,
1978-07-11,95,28,,,
1978-07-18,95,29,,,
1978-07-25,95,30,,,
1978-08-01,95,31,,,
1978-08-08,95,32,,,
1978-08-15,95,33,,,
1978-08-22,95,34,,,
1978-08-29,95,35,,,
1978-09-05,95,36,,,
1978-09-12,95,37,,,
1978-09-19,95,38,,,
1978-09-26,95,39,,,
1978-10-03,95,40,,,
1978-10-10,95,41,,,
1978-10-17,95,42,,,
1978-10-24,95,43,,,
1978-10-31,95,44,,,
1978-11-07,95,45,,,
1978-11-14,95,46,,,
1978-11-21,95,47,,,
1978-11-28,95,48,,,
1978-12-05,95,49,,,
1978-12-12,95,50,,,
1978-12-19,95,51,,,
1978-12-26,95,52,,,
1979-01-02,96,1,,,
1979-01-09,96,2,,,
1979-01-16,96,3,,,
1979-01-23,96,4,,,
1979-01-30,96,5,,,
1979-02-06,96,6,,,
1979-02-13,96,7,,,
1979-02-20,96,8,,,
1979-02-27,96,9,,,
1979-03-06,96,10,,,
1979-03-13,96,11,,,
1979-03-20,96,12,,,
1979-03-27,96,13,,,
1979-04-03,96,14,,,
1979-04-10,96,15,,,
1979-04-17,96,16,,,
1979-04-24,96,17,,,
1979-05-01,96,18,,,
1979-05-08,96,19,,,
1979-05-15,96,20,,,
1979-05-22,96,21,,,
1979-05-29,96,22,,,
1979-06-05,96,23,,,
1979-06-12,96,24,,,
1979-06-19,96,25,,,
1979-06-26,96,26,,,
1979-07-03,96,27,,,
1979-07-10,96,28,,,
1979-07-17,96,29,,,
1979-07-24,96,30,,,
1979-07-31,96,31,,,
1979-08-07,96,32,,,
1979-08-14,96,33,,,
1979-08-21,96,34,,,
1979-08-28,96,35,,,
1979-09-04,96,36,,,
1979-09-11,96,37,,,
1979-09-18,96,38,,,
1979-09-25,96,39,,,
1979-10-02,96,40,,,
1979-10-09,96,41,,,
1979-10-16,96,42,,,
1979-10-23,96,43,,,
1979-10-30,96,44,,,
1979-11-06,96,45,,,
1979-11-13,96,46,,,
1979-11-20,96,47,,,
1979-11-27,96,48,,,
1979-12-04,96,49,,,
1979-12-11,96,50,,,
1979-12-18,96,51,,,
1979-12-25,96,52,,,